ACL00 (Labels);Total;Work and study;Household and family care activities;Leisure social and associative life except TV and video;Home
STARTIME (Labels);;;;;
Total (24 hours);100;12.2;14.2;15.1;58.5
From 00:00 to 00:09;100;1.1;2.2;7.9;88.8
From 00:10 to 00:19;100;1;2;7.2;89.8
From 00:20 to 00:29;100;0.9;1.7;6.4;91
From 00:30 to 00:39;100;0.9;1.4;5.5;92.2
From 00:40 to 00:49;100;0.8;1.1;5.1;93
From 00:50 to 00:59;100;0.8;1.1;4.4;93.7
From 01:00 to 01:09;100;0.7;1.2;3.3;94.8
From 01:10 to 01:19;100;0.7;0.9;3.2;95.2
From 01:20 to 01:29;100;0.7;0.8;2.9;95.6
From 01:30 to 01:39;100;0.7;0.7;2.6;96
From 01:40 to 01:49;100;0.7;0.6;2.3;96.4
From 01:50 to 01:59;100;0.6;0.6;2.1;96.7
From 02:00 to 02:09;100;0.6;0.6;1.8;97
From 02:10 to 02:19;100;0.6;0.5;1.6;97.3
From 02:20 to 02:29;100;0.6;0.5;1.6;97.3
From 02:30 to 02:39;100;0.5;0.5;1.4;97.6
From 02:40 to 02:49;100;0.5;0.5;1.3;97.7
From 02:50 to 02:59;100;0.5;0.4;1.1;98
From 03:00 to 03:09;100;0.5;0.4;1;98.1
From 03:10 to 03:19;100;0.5;0.4;0.9;98.2
From 03:20 to 03:29;100;0.5;0.4;0.8;98.3
From 03:30 to 03:39;100;0.5;0.4;0.7;98.4
From 03:40 to 03:49;100;0.5;0.3;0.6;98.6
From 03:50 to 03:59;100;0.5;0.3;0.6;98.6
From 04:00 to 04:09;100;0.4;0.3;0.4;98.9
From 04:10 to 04:19;100;0.4;0.3;0.4;98.9
From 04:20 to 04:29;100;0.4;0.4;0.5;98.7
From 04:30 to 04:39;100;0.4;0.4;0.4;98.8
From 04:40 to 04:49;100;0.4;0.4;0.4;98.8
From 04:50 to 04:59;100;0.5;0.5;0.4;98.6
From 05:00 to 05:09;100;0.5;0.4;0.4;98.7
From 05:10 to 05:19;100;0.6;0.3;0.4;98.7
From 05:20 to 05:29;100;0.6;0.4;0.4;98.6
From 05:30 to 05:39;100;0.7;0.4;0.4;98.5
From 05:40 to 05:49;100;0.7;0.5;0.4;98.4
From 05:50 to 05:59;100;1;0.7;0.5;97.8
From 06:00 to 06:09;100;1.1;1;0.6;97.3
From 06:10 to 06:19;100;1.3;1.3;0.6;96.8
From 06:20 to 06:29;100;1.6;1.7;0.7;96
From 06:30 to 06:39;100;1.9;2.2;0.9;95
From 06:40 to 06:49;100;2;2.9;1.2;93.9
From 06:50 to 06:59;100;2.5;3.3;1.5;92.7
From 07:00 to 07:09;100;3.8;4.9;2.1;89.2
From 07:10 to 07:19;100;4.1;5.8;2.7;87.4
From 07:20 to 07:29;100;4.9;7.3;3.2;84.6
From 07:30 to 07:39;100;6.7;8.6;3.5;81.2
From 07:40 to 07:49;100;8;9;3.9;79.1
From 07:50 to 07:59;100;9.6;9.9;4.4;76.1
From 08:00 to 08:09;100;12.5;11.8;5.1;70.6
From 08:10 to 08:19;100;14.5;13.5;5.7;66.3
From 08:20 to 08:29;100;17.3;14.2;6.3;62.2
From 08:30 to 08:39;100;21.4;14.8;6.8;57
From 08:40 to 08:49;100;23.4;15.5;7.6;53.5
From 08:50 to 08:59;100;25.2;16.4;8.7;49.7
From 09:00 to 09:09;100;27.1;17.9;9.6;45.4
From 09:10 to 09:19;100;28.3;19.2;10.7;41.8
From 09:20 to 09:29;100;29.2;19.8;11.7;39.3
From 09:30 to 09:39;100;29.7;20.8;12.6;36.9
From 09:40 to 09:49;100;30;21.8;13.3;34.9
From 09:50 to 09:59;100;30;21.5;14.3;34.2
From 10:00 to 10:09;100;29.8;22.8;15.7;31.7
From 10:10 to 10:19;100;30.6;22.9;16.6;29.9
From 10:20 to 10:29;100;31.6;22.8;17.8;27.8
From 10:30 to 10:39;100;31.9;23.7;18.5;25.9
From 10:40 to 10:49;100;32.2;24;19.2;24.6
From 10:50 to 10:59;100;32.3;24.5;19.8;23.4
From 11:00 to 11:09;100;32.4;25.4;20.2;22
From 11:10 to 11:19;100;32.9;25.8;20.5;20.8
From 11:20 to 11:29;100;33.1;26.2;20.8;19.9
From 11:30 to 11:39;100;32.8;27.1;20.8;19.3
From 11:40 to 11:49;100;32.6;27.2;21.2;19
From 11:50 to 11:59;100;31.2;27.3;20.3;21.2
From 12:00 to 12:09;100;26.1;25.7;18.8;29.4
From 12:10 to 12:19;100;24.6;24.3;18.3;32.8
From 12:20 to 12:29;100;23.4;23.5;18;35.1
From 12:30 to 12:39;100;22.4;23.9;18.3;35.4
From 12:40 to 12:49;100;22.7;24.1;19.2;34
From 12:50 to 12:59;100;23.1;24.5;19.5;32.9
From 13:00 to 13:09;100;26.5;25.7;21.3;26.5
From 13:10 to 13:19;100;27.8;25.2;22.1;24.9
From 13:20 to 13:29;100;28.5;25.8;23.5;22.2
From 13:30 to 13:39;100;29.5;26.6;24.8;19.1
From 13:40 to 13:49;100;30;26.6;25.6;17.8
From 13:50 to 13:59;100;30.1;27.2;25.8;16.9
From 14:00 to 14:09;100;30.1;27.5;25.9;16.5
From 14:10 to 14:19;100;29.8;26.7;26.7;16.8
From 14:20 to 14:29;100;29.8;26.7;27;16.5
From 14:30 to 14:39;100;29.3;26.6;27.4;16.7
From 14:40 to 14:49;100;29.4;26.3;27.8;16.5
From 14:50 to 14:59;100;29.1;25.7;27.9;17.3
From 15:00 to 15:09;100;27.2;25.9;27.5;19.4
From 15:10 to 15:19;100;26.8;25.5;28;19.7
From 15:20 to 15:29;100;26.5;24.8;29.2;19.5
From 15:30 to 15:39;100;25.7;24.9;30;19.4
From 15:40 to 15:49;100;25.4;24.7;30.7;19.2
From 15:50 to 15:59;100;24.7;25.5;30.4;19.4
From 16:00 to 16:09;100;22.5;26.5;30.4;20.6
From 16:10 to 16:19;100;22;26.5;31;20.5
From 16:20 to 16:29;100;21.5;26.5;31.2;20.8
From 16:30 to 16:39;100;19.6;27.7;31.2;21.5
From 16:40 to 16:49;100;18.6;28.5;31.2;21.7
From 16:50 to 16:59;100;17.4;29.3;29.6;23.7
From 17:00 to 17:09;100;14.1;31;26.7;28.2
From 17:10 to 17:19;100;12.5;31.3;25.5;30.7
From 17:20 to 17:29;100;11.5;31.5;23.9;33.1
From 17:30 to 17:39;100;9.8;30.7;21.9;37.6
From 17:40 to 17:49;100;8.9;30;21.2;39.9
From 17:50 to 17:59;100;8.5;28.1;19.1;44.3
From 18:00 to 18:09;100;7.1;26.5;16.7;49.7
From 18:10 to 18:19;100;6.7;25.8;16.8;50.7
From 18:20 to 18:29;100;6.6;26;18;49.4
From 18:30 to 18:39;100;6.6;27.1;19.9;46.4
From 18:40 to 18:49;100;6.7;27.9;21.2;44.2
From 18:50 to 18:59;100;6.7;26.9;22.3;44.1
From 19:00 to 19:09;100;6.6;25.4;25.6;42.4
From 19:10 to 19:19;100;6.7;24.4;26.6;42.3
From 19:20 to 19:29;100;6.7;23.2;27.5;42.6
From 19:30 to 19:39;100;6.8;21.8;28;43.4
From 19:40 to 19:49;100;6.9;20.8;28.5;43.8
From 19:50 to 19:59;100;6.7;19.3;27.9;46.1
From 20:00 to 20:09;100;6.4;16.7;25.9;51
From 20:10 to 20:19;100;6.3;14.9;26.7;52.1
From 20:20 to 20:29;100;6.5;13.9;27.7;51.9
From 20:30 to 20:39;100;6.4;13.6;28.4;51.6
From 20:40 to 20:49;100;6.4;12;28.9;52.7
From 20:50 to 20:59;100;6.3;11.7;29;53
From 21:00 to 21:09;100;6;10.8;28.5;54.7
From 21:10 to 21:19;100;5.8;10;28.4;55.8
From 21:20 to 21:29;100;5.6;9.4;28.1;56.9
From 21:30 to 21:39;100;5.2;8.9;27.5;58.4
From 21:40 to 21:49;100;5.1;8.3;27.1;59.5
From 21:50 to 21:59;100;4.9;7.9;25.6;61.6
From 22:00 to 22:09;100;3.9;8.3;22.9;64.9
From 22:10 to 22:19;100;3.7;7.5;22.7;66.1
From 22:20 to 22:29;100;3.5;6.6;22.3;67.6
From 22:30 to 22:39;100;3;6.2;21.2;69.6
From 22:40 to 22:49;100;2.8;5.8;20.2;71.2
From 22:50 to 22:59;100;2.5;5.4;18.4;73.7
From 23:00 to 23:09;100;1.9;5.2;15.5;77.4
From 23:10 to 23:19;100;1.7;4.3;14.8;79.2
From 23:20 to 23:29;100;1.5;3.9;13.4;81.2
From 23:30 to 23:39;100;1.4;3.5;11.7;83.4
From 23:40 to 23:49;100;1.3;3;10.7;85
From 23:50 to 23:59;100;1.2;2.8;9.4;86.6
